name,cases,year
DZA,0,2021
AND,0,2021
ATG,0,2021
BHS,0,2021
BRB,0,2021
BLR,0,2021
BIH,0,2021
COK,0,2021
HRV,0,2021
PRK,0,2021
DNK,0,2021
DMA,0,2021
SLV,0,2021
FIN,0,2021
ISL,0,2021
IRQ,0,2021
JOR,0,2021
LBN,0,2021
MDV,0,2021
MLT,0,2021
MCO,0,2021
MNG,0,2021
SRB,0,2021
SVK,0,2021
SVN,0,2021
SYR,0,2021
MKD,0,2021
TON,0,2021
TUN,0,2021
URY,0,2021
UZB,0,2021
CAN,1,2021
ERI,1,2021
GAB,1,2021
LBY,1,2021
OMN,1,2021
SYC,1,2021
BRN,2,2021
DEU,2,2021
BHR,3,2021
FJI,3,2021
GTM,3,2021
JPN,3,2021
NRU,3,2021
GNQ,4,2021
PAN,4,2021
VUT,4,2021
NZL,5,2021
KOR,5,2021
TUV,5,2021
GNB,6,2021
KWT,8,2021
CRI,9,2021
LCA,9,2021
SGP,9,2021
CHL,10,2021
GMB,10,2021
IRN,10,2021
FRA,12,2021
NIC,12,2021
AUS,13,2021
MAR,14,2021
PER,14,2021
MRT,16,2021
SUR,16,2021
BTN,17,2021
RWA,18,2021
TTO,18,2021
AFG,19,2021
LAO,23,2021
QAT,23,2021
SAU,25,2021
ECU,26,2021
HTI,26,2021
SLB,27,2021
BOL,31,2021
GUY,32,2021
KHM,36,2021
MHL,39,2021
ARE,41,2021
VNM,54,2021
THA,62,2021
BEN,77,2021
KEN,78,2021
CUB,81,2021
FSM,89,2021
MLI,101,2021
TGO,132,2021
MEX,133,2021
MYS,142,2021
ARG,143,2021
DOM,148,2021
TLS,150,2021
CMR,151,2021
COG,152,2021
KIR,154,2021
SEN,184,2021
GIN,191,2021
SLE,203,2021
MWI,235,2021
COM,239,2021
VEN,239,2021
BFA,250,2021
GHA,263,2021
YEM,268,2021
COL,272,2021
PRY,281,2021
PAK,285,2021
TCD,303,2021
NER,304,2021
LBR,357,2021
EGY,361,2021
CHN,374,2021
UGA,389,2021
BDI,440,2021
PNG,475,2021
SDN,499,2021
CIV,514,2021
MMR,595,2021
SDS,713,2021
AGO,797,2021
PHL,967,2021
LKA,1025,2021
MDG,1290,2021
TZA,1511,2021
SOM,2030,2021
NPL,2394,2021
NGA,2398,2021
ETH,2589,2021
BGD,2872,2021
MOZ,3135,2021
COD,4148,2021
IDN,10976,2021
BRA,18318,2021
IND,75394,2021
ALB,-1,2021
ARM,-1,2021
AUT,-1,2021
AZE,-1,2021
BEL,-1,2021
BLZ,-1,2021
BWA,-1,2021
BGR,-1,2021
CPV,-1,2021
CAF,-1,2021
CYP,-1,2021
CZE,-1,2021
DJI,-1,2021
EST,-1,2021
GEO,-1,2021
GRC,-1,2021
GRD,-1,2021
HND,-1,2021
HUN,-1,2021
IRL,-1,2021
ISR,-1,2021
ITA,-1,2021
JAM,-1,2021
KAZ,-1,2021
KGZ,-1,2021
LVA,-1,2021
LSO,-1,2021
LTU,-1,2021
LUX,-1,2021
MUS,-1,2021
MNE,-1,2021
TKM,-1,2021
UKR,-1,2021
GBR,-1,2021
USA,-1,2021
ZMB,-1,2021
ZWE,-1,2021
DZA,0,2020
AND,0,2020
ARM,0,2020
AUT,0,2020
BLR,0,2020
BGR,0,2020
CYP,0,2020
PRK,0,2020
DJI,0,2020
EST,0,2020
DEU,0,2020
HUN,0,2020
ISL,0,2020
JAM,0,2020
JOR,0,2020
KGZ,0,2020
LVA,0,2020
LBN,0,2020
LSO,0,2020
LTU,0,2020
MLT,0,2020
MRT,0,2020
MCO,0,2020
NOR,0,2020
POL,0,2020
ROU,0,2020
SMR,0,2020
SVK,0,2020
SVN,0,2020
SYR,0,2020
TKM,0,2020
ERI,1,2020
IRL,1,2020
MDV,1,2020
SYC,1,2020
BHR,2,2020
IRQ,2,2020
ISR,2,2020
JPN,2,2020
LBY,2,2020
OMN,2,2020
TUN,2,2020
SLV,3,2020
GAB,3,2020
NZL,3,2020
AUS,4,2020
NLD,4,2020
URY,4,2020
GMB,5,2020
IRN,5,2020
CRI,6,2020
RUS,6,2020
CHL,7,2020
FRA,7,2020
MAR,7,2020
PAN,7,2020
SWE,7,2020
VUT,7,2020
BTN,8,2020
GNQ,9,2020
GNB,9,2020
KWT,10,2020
SUR,12,2020
ECU,14,2020
ZWE,15,2020
PER,16,2020
SAU,16,2020
RWA,18,2020
AFG,22,2020
NAM,27,2020
QAT,28,2020
BOL,29,2020
KHM,38,2020
LAO,43,2020
DOM,74,2020
ARE,78,2020
THA,89,2020
BEN,99,2020
MEX,106,2020
TGO,109,2020
TLS,110,2020
CUB,115,2020
COG,116,2020
FSM,129,2020
ARG,131,2020
SLE,138,2020
MLI,139,2020
VEN,143,2020
KIR,159,2020
USA,159,2020
BFA,167,2020
MYS,175,2020
CMR,178,2020
SEN,191,2020
COL,192,2020
YEM,196,2020
PRY,198,2020
GIN,222,2020
PAK,225,2020
UGA,234,2020
COM,236,2020
GHA,260,2020
NER,277,2020
MWI,288,2020
EGY,316,2020
TCD,333,2020
CHN,406,2020
AGO,422,2020
PNG,473,2020
CIV,515,2020
SDN,526,2020
SDS,682,2020
PHL,1150,2020
TZA,1192,2020
LKA,1212,2020
MDG,1346,2020
NGA,1417,2020
MMR,1877,2020
MOZ,2065,2020
NPL,2304,2020
ETH,2591,2020
SOM,2638,2020
COD,3385,2020
IDN,11173,2020
BRA,17979,2020
IND,65147,2020
ALB,-1,2020
ATG,-1,2020
AZE,-1,2020
BHS,-1,2020
BRB,-1,2020
BEL,-1,2020
BLZ,-1,2020
BIH,-1,2020
BWA,-1,2020
BRN,1,2020
BDI,-1,2020
CAN,-1,2020
CPV,-1,2020
CAF,-1,2020
COK,-1,2020
HRV,-1,2020
CZE,-1,2020
DNK,-1,2020
DMA,-1,2020
FJI,-1,2020
FIN,-1,2020
GEO,-1,2020
GRC,-1,2020
GRD,-1,2020
GTM,-1,2020
GUY,-1,2020
HTI,-1,2020
HND,-1,2020
ITA,-1,2020
KAZ,-1,2020
KEN,-1,2020
LBR,-1,2020
LUX,-1,2020
MHL,-1,2020
MUS,-1,2020
MNG,0,2020
MNE,-1,2020
NRU,-1,2020
NIC,-1,2020
NIU,-1,2020
PLW,-1,2020
PRT,-1,2020
KOR,-1,2020
MDA,-1,2020
KNA,-1,2020
LCA,-1,2020
VCT,-1,2020
WSM,-1,2020
STP,-1,2020
SRB,-1,2020
SGP,-1,2020
SLB,36,2020
ZAF,-1,2020
ESP,-1,2020
SWZ,-1,2020
CHE,-1,2020
TJK,-1,2020
MKD,-1,2020
TON,-1,2020
TTO,-1,2020
TUR,-1,2020
TUV,-1,2020
UKR,-1,2020
GBR,-1,2020
UZB,-1,2020
VNM,73,2020
ZMB,-1,2020
BGD,3766,2020
ALB,0,2019
DZA,0,2019
AND,0,2019
ATG,0,2019
BHS,0,2019
BRB,0,2019
BLR,0,2019
BRN,0,2019
BGR,0,2019
HRV,0,2019
CYP,0,2019
PRK,0,2019
DNK,0,2019
DMA,0,2019
EST,0,2019
FIN,0,2019
GRD,0,2019
GTM,0,2019
HND,0,2019
HUN,0,2019
JOR,0,2019
KAZ,0,2019
LVA,0,2019
LBN,0,2019
LTU,0,2019
LUX,0,2019
MCO,0,2019
MNG,0,2019
NOR,0,2019
OMN,0,2019
POL,0,2019
KNA,0,2019
SMR,0,2019
SYC,0,2019
SVK,0,2019
SVN,0,2019
CHE,0,2019
TON,0,2019
TUN,0,2019
TKM,0,2019
UZB,0,2019
BLZ,1,2019
SLV,1,2019
MLT,1,2019
SYR,1,2019
BEL,2,2019
IRQ,2,2019
LSO,2,2019
LBY,2,2019
PAN,2,2019
GBR,2,2019
ERI,3,2019
PLW,3,2019
CHL,4,2019
KOR,4,2019
TUV,4,2019
JAM,5,2019
JPN,5,2019
MDV,5,2019
WSM,5,2019
ZWE,5,2019
NZL,6,2019
PRT,6,2019
LCA,6,2019
VUT,7,2019
SWE,9,2019
AUS,10,2019
CRI,10,2019
FRA,10,2019
URY,10,2019
MRT,11,2019
CPV,12,2019
FJI,12,2019
NRU,12,2019
TJK,12,2019
GNQ,15,2019
GMB,15,2019
MAR,15,2019
SAU,17,2019
BTN,18,2019
IRN,18,2019
NAM,22,2019
QAT,22,2019
PER,24,2019
ZAF,25,2019
SUR,25,2019
RWA,26,2019
TTO,26,2019
GUY,27,2019
AFG,31,2019
MHL,31,2019
SLB,38,2019
HTI,40,2019
LAO,57,2019
VNM,60,2019
BOL,71,2019
ECU,88,2019
KHM,92,2019
LBR,99,2019
TLS,108,2019
BEN,109,2019
CMR,110,2019
TGO,124,2019
KIR,136,2019
KEN,138,2019
THA,138,2019
FSM,144,2019
BFA,148,2019
DOM,175,2019
MLI,182,2019
MEX,182,2019
CUB,186,2019
SEN,189,2019
SLE,189,2019
MYS,195,2019
ZMB,206,2019
ARG,211,2019
UGA,219,2019
GIN,272,2019
GHA,279,2019
VEN,291,2019
YEM,316,2019
NER,333,2019
COL,339,2019
CAF,343,2019
PAK,347,2019
PRY,348,2019
TCD,446,2019
CHN,464,2019
COM,478,2019
SDN,478,2019
EGY,537,2019
CIV,567,2019
PNG,577,2019
AGO,721,2019
SDS,1152,2019
MDG,1283,2019
TZA,1603,2019
LKA,1658,2019
PHL,2122,2019
MOZ,2220,2019
NGA,2424,2019
SOM,2425,2019
MMR,2488,2019
COD,3032,2019
ETH,3201,2019
BGD,3638,2019
NPL,3844,2019
IDN,17439,2019
BRA,27863,2019
IND,114451,2019
ARM,-1,2019
AUT,-1,2019
AZE,-1,2019
BIH,-1,2019
BWA,-1,2019
BDI,-1,2019
CAN,-1,2019
COG,-1,2019
COK,-1,2019
CZE,-1,2019
DJI,-1,2019
GEO,-1,2019
DEU,-1,2019
GRC,-1,2019
GNB,-1,2019
ISL,-1,2019
IRL,-1,2019
ISR,-1,2019
ITA,-1,2019
KWT,-1,2019
KGZ,-1,2019
MWI,-1,2019
MUS,-1,2019
MNE,-1,2019
NLD,-1,2019
NIC,-1,2019
NIU,-1,2019
MDA,-1,2019
ROU,-1,2019
RUS,-1,2019
VCT,-1,2019
STP,-1,2019
SRB,-1,2019
SGP,-1,2019
ESP,-1,2019
SWZ,-1,2019
MKD,-1,2019
TUR,-1,2019
UKR,-1,2019
USA,-1,2019
BHR,-1,2019
GAB,4,2019
ARE,-1,2019
DZA,0,2018
ARM,0,2018
BHS,0,2018
BLR,0,2018
BLZ,0,2018
BIH,0,2018
CAN,0,2018
COK,0,2018
CZE,0,2018
PRK,0,2018
DMA,0,2018
EST,0,2018
FIN,0,2018
GEO,0,2018
DEU,0,2018
GRD,0,2018
ISL,0,2018
JOR,0,2018
LBN,0,2018
LTU,0,2018
LUX,0,2018
MCO,0,2018
MNG,0,2018
QAT,0,2018
VCT,0,2018
SMR,0,2018
SYC,0,2018
UKR,0,2018
ARE,0,2018
BHR,1,2018
BEL,1,2018
BRN,1,2018
MUS,1,2018
OMN,1,2018
PLW,1,2018
PAN,1,2018
TON,1,2018
HND,2,2018
JAM,2,2018
JPN,2,2018
LSO,2,2018
NLD,2,2018
SYR,2,2018
NZL,3,2018
RUS,3,2018
ITA,5,2018
LBY,5,2018
PRT,5,2018
WSM,5,2018
VUT,5,2018
AUS,6,2018
SLV,6,2018
ERI,6,2018
GTM,6,2018
NIC,6,2018
KOR,6,2018
SGP,6,2018
URY,6,2018
CHL,7,2018
GMB,7,2018
MDV,7,2018
ESP,7,2018
GBR,7,2018
NRU,8,2018
LCA,8,2018
TUV,8,2018
FJI,9,2018
FRA,9,2018
KWT,9,2018
ZWE,9,2018
CPV,11,2018
SWE,11,2018
BTN,12,2018
GAB,12,2018
NAM,17,2018
MAR,22,2018
GNQ,23,2018
SUR,24,2018
PER,28,2018
IRN,29,2018
MRT,30,2018
CRI,34,2018
RWA,35,2018
TTO,37,2018
ECU,42,2018
AFG,43,2018
HTI,43,2018
SLB,47,2018
GUY,50,2018
BOL,52,2018
MHL,59,2018
LAO,71,2018
TGO,78,2018
VNM,96,2018
TLS,105,2018
THA,125,2018
FSM,127,2018
CMR,136,2018
MEX,136,2018
KHM,151,2018
BEN,154,2018
SLE,160,2018
LBR,162,2018
MLI,162,2018
CAF,173,2018
KIR,173,2018
MYS,182,2018
BFA,183,2018
USA,185,2018
UGA,201,2018
ZMB,201,2018
SEN,204,2018
DOM,218,2018
CUB,220,2018
COG,233,2018
VEN,245,2018
ARG,269,2018
COM,275,2018
GHA,276,2018
GIN,279,2018
NER,317,2018
COL,324,2018
BDI,339,2018
MWI,341,2018
TCD,342,2018
PAK,342,2018
PRY,345,2018
YEM,358,2018
EGY,407,2018
PNG,502,2018
SDN,509,2018
CHN,521,2018
CIV,645,2018
SDS,761,2018
AGO,847,2018
MDG,1424,2018
TZA,1482,2018
LKA,1703,2018
NGA,2095,2018
PHL,2176,2018
MMR,2214,2018
MOZ,2422,2018
SOM,2610,2018
ETH,3218,2018
NPL,3249,2018
COD,3323,2018
BGD,3729,2018
IDN,17017,2018
BRA,28660,2018
IND,120334,2018
ALB,-1,2018
AND,-1,2018
ATG,-1,2018
AUT,-1,2018
AZE,-1,2018
BRB,-1,2018
BWA,4,2018
BGR,-1,2018
HRV,-1,2018
CYP,-1,2018
DNK,-1,2018
DJI,-1,2018
GRC,-1,2018
GNB,-1,2018
HUN,-1,2018
IRQ,-1,2018
IRL,-1,2018
ISR,-1,2018
KAZ,-1,2018
KEN,-1,2018
KGZ,-1,2018
LVA,-1,2018
MLT,-1,2018
MNE,-1,2018
NIU,-1,2018
NOR,-1,2018
POL,-1,2018
MDA,-1,2018
ROU,-1,2018
KNA,-1,2018
STP,-1,2018
SAU,18,2018
SRB,-1,2018
SVK,-1,2018
SVN,-1,2018
ZAF,-1,2018
SWZ,-1,2018
CHE,-1,2018
TJK,-1,2018
MKD,-1,2018
TUN,-1,2018
TUR,-1,2018
TKM,-1,2018
UZB,-1,2018
AND,0,2017
ATG,0,2017
ARM,0,2017
AUT,0,2017
BLR,0,2017
BEL,0,2017
BIH,0,2017
CYP,0,2017
CZE,0,2017
EST,0,2017
GMB,0,2017
GEO,0,2017
GRC,0,2017
GTM,0,2017
JOR,0,2017
LVA,0,2017
LBN,0,2017
MLT,0,2017
MUS,0,2017
MCO,0,2017
MNG,0,2017
NIU,0,2017
NOR,0,2017
ROU,0,2017
SYC,0,2017
SVN,0,2017
SWE,0,2017
CHE,0,2017
TJK,0,2017
TUV,0,2017
ARE,0,2017
BLZ,1,2017
BWA,1,2017
KAZ,1,2017
LBY,1,2017
OMN,1,2017
PAN,1,2017
SWZ,1,2017
BHR,2,2017
BRN,2,2017
HND,2,2017
JPN,2,2017
VCT,2,2017
SYR,2,2017
TUN,2,2017
VUT,2,2017
ERI,3,2017
NLD,3,2017
NZL,3,2017
KOR,3,2017
SLV,4,2017
FJI,4,2017
LCA,4,2017
GBR,4,2017
CAN,5,2017
CHL,5,2017
URY,5,2017
GAB,6,2017
KWT,6,2017
MDV,6,2017
SGP,6,2017
NIC,7,2017
FRA,8,2017
ITA,8,2017
CPV,9,2017
SAU,9,2017
AUS,10,2017
CRI,11,2017
GNQ,11,2017
NAM,11,2017
PER,11,2017
BTN,12,2017
MAR,13,2017
TTO,16,2017
ZWE,18,2017
IRN,19,2017
QAT,21,2017
KEN,26,2017
RWA,26,2017
SUR,26,2017
MRT,28,2017
GNB,32,2017
HTI,36,2017
SLB,41,2017
ECU,44,2017
AFG,45,2017
BOL,62,2017
GUY,67,2017
TGO,67,2017
ZAF,86,2017
LAO,90,2017
TLS,106,2017
VNM,109,2017
SLE,113,2017
DOM,123,2017
KHM,137,2017
FSM,141,2017
MEX,148,2017
BEN,150,2017
LBR,152,2017
THA,164,2017
MLI,174,2017
KIR,187,2017
CUB,190,2017
USA,191,2017
BFA,192,2017
MYS,196,2017
COG,204,2017
ZMB,204,2017
UGA,211,2017
SEN,235,2017
GIN,239,2017
CMR,249,2017
ARG,250,2017
GHA,258,2017
NER,278,2017
PRY,321,2017
VEN,332,2017
CAF,341,2017
MWI,351,2017
YEM,357,2017
COL,362,2017
TCD,373,2017
BDI,400,2017
PAK,403,2017
COM,429,2017
EGY,543,2017
SDN,551,2017
PNG,583,2017
AGO,605,2017
CHN,634,2017
CIV,773,2017
MDG,1430,2017
SOM,1576,2017
LKA,1877,2017
PHL,1902,2017
MOZ,1926,2017
TZA,1936,2017
MMR,2279,2017
NGA,2447,2017
ETH,3114,2017
NPL,3215,2017
COD,3649,2017
BGD,3754,2017
IDN,15910,2017
BRA,26875,2017
IND,126164,2017
ALB,-1,2017
DZA,-1,2017
AZE,-1,2017
BHS,-1,2017
BRB,-1,2017
BGR,-1,2017
COK,-1,2017
HRV,-1,2017
PRK,-1,2017
DNK,-1,2017
DJI,-1,2017
DMA,-1,2017
FIN,-1,2017
DEU,-1,2017
GRD,-1,2017
HUN,-1,2017
ISL,-1,2017
IRQ,-1,2017
IRL,-1,2017
ISR,-1,2017
JAM,-1,2017
KGZ,-1,2017
LSO,-1,2017
LTU,-1,2017
LUX,-1,2017
MHL,-1,2017
MNE,-1,2017
NRU,-1,2017
PLW,-1,2017
POL,-1,2017
PRT,-1,2017
MDA,-1,2017
RUS,-1,2017
KNA,-1,2017
WSM,-1,2017
SMR,-1,2017
STP,-1,2017
SRB,-1,2017
SVK,-1,2017
ESP,-1,2017
MKD,-1,2017
TON,-1,2017
TUR,-1,2017
TKM,-1,2017
UKR,-1,2017
UZB,-1,2017
SDS,-1,2017
ALB,0,2016
AND,0,2016
ARM,0,2016
AUT,0,2016
AZE,0,2016
BHS,0,2016
BLR,0,2016
BLZ,0,2016
BRN,0,2016
COK,0,2016
HRV,0,2016
CYP,0,2016
EST,0,2016
FIN,0,2016
GEO,0,2016
GTM,0,2016
HUN,0,2016
ISL,0,2016
JOR,0,2016
KAZ,0,2016
LVA,0,2016
LUX,0,2016
MLT,0,2016
MCO,0,2016
MNG,0,2016
NIU,0,2016
OMN,0,2016
ROU,0,2016
SVK,0,2016
SVN,0,2016
SYR,0,2016
TJK,0,2016
MKD,0,2016
TON,0,2016
CHL,1,2016
SLV,1,2016
LBN,1,2016
NIC,1,2016
TUN,1,2016
UZB,1,2016
DEU,2,2016
HND,2,2016
LSO,2,2016
PLW,2,2016
PAN,2,2016
VUT,2,2016
BHR,3,2016
BEL,3,2016
FJI,3,2016
JPN,3,2016
STP,3,2016
URY,3,2016
PRT,4,2016
KOR,4,2016
GNQ,5,2016
JAM,5,2016
NLD,5,2016
GBR,5,2016
KWT,6,2016
MDV,6,2016
SGP,7,2016
TUV,7,2016
LBY,8,2016
ESP,9,2016
BTN,10,2016
IRN,10,2016
WSM,11,2016
ITA,12,2016
SAU,13,2016
CRI,16,2016
ECU,18,2016
GAB,18,2016
AUS,19,2016
GNB,23,2016
PER,23,2016
TTO,23,2016
MAR,25,2016
SUR,25,2016
RWA,35,2016
QAT,36,2016
ARE,40,2016
SLB,43,2016
AFG,48,2016
GUY,52,2016
LAO,64,2016
BOL,69,2016
COG,73,2016
MHL,80,2016
TGO,82,2016
TCD,89,2016
TLS,110,2016
DOM,125,2016
VNM,138,2016
SLE,140,2016
MLI,144,2016
MEX,152,2016
KHM,154,2016
THA,163,2016
USA,168,2016
FSM,169,2016
CUB,186,2016
MYS,206,2016
BFA,208,2016
UGA,211,2016
KIR,218,2016
GIN,244,2016
MWI,272,2016
CMR,282,2016
GHA,291,2016
ARG,295,2016
VEN,303,2016
COM,310,2016
COL,314,2016
SEN,332,2016
PRY,341,2016
NER,350,2016
PNG,356,2016
YEM,367,2016
CAF,385,2016
PAK,397,2016
BDI,431,2016
AGO,619,2016
SDN,624,2016
SOM,635,2016
EGY,651,2016
CHN,672,2016
CIV,895,2016
MOZ,1289,2016
PHL,1721,2016
MDG,1780,2016
LKA,1832,2016
TZA,2047,2016
MMR,2609,2016
NGA,2687,2016
BGD,3000,2016
NPL,3054,2016
ETH,3692,2016
COD,3765,2016
IDN,16826,2016
BRA,25218,2016
IND,135485,2016
SMR,-1,2016
DZA,-1,2016
ATG,-1,2016
BRB,-1,2016
BEN,-1,2016
BIH,-1,2016
BWA,-1,2016
BGR,-1,2016
CAN,-1,2016
CPV,-1,2016
CZE,-1,2016
PRK,-1,2016
DNK,-1,2016
DJI,-1,2016
DMA,-1,2016
ERI,-1,2016
FRA,-1,2016
GMB,-1,2016
GRC,-1,2016
GRD,-1,2016
HTI,-1,2016
IRQ,-1,2016
IRL,-1,2016
ISR,-1,2016
KEN,-1,2016
KGZ,-1,2016
LBR,-1,2016
LTU,-1,2016
MRT,-1,2016
MUS,-1,2016
MNE,-1,2016
NAM,-1,2016
NRU,-1,2016
NZL,-1,2016
NOR,-1,2016
POL,-1,2016
MDA,-1,2016
RUS,-1,2016
KNA,-1,2016
LCA,-1,2016
VCT,-1,2016
SRB,-1,2016
SYC,-1,2016
ZAF,-1,2016
SWZ,-1,2016
SWE,-1,2016
CHE,-1,2016
TUR,-1,2016
TKM,-1,2016
UKR,-1,2016
ZMB,-1,2016
ZWE,-1,2016
SDS,-1,2016
ALB,0,2015
AND,0,2015
ARM,0,2015
AUT,0,2015
AZE,0,2015
BIH,0,2015
BRN,0,2015
CHL,0,2015
CYP,0,2015
CZE,0,2015
PRK,0,2015
DNK,0,2015
EST,0,2015
FIN,0,2015
ISL,0,2015
IRQ,0,2015
IRL,0,2015
JOR,0,2015
LVA,0,2015
MLT,0,2015
NOR,0,2015
MDA,0,2015
ROU,0,2015
RUS,0,2015
SYC,0,2015
SVK,0,2015
SVN,0,2015
UZB,0,2015
BHS,1,2015
HND,1,2015
TUN,1,2015
VUT,1,2015
DEU,2,2015
ISR,2,2015
LSO,2,2015
NRU,2,2015
PLW,2,2015
PAN,2,2015
PRT,2,2015
KOR,2,2015
FJI,3,2015
LBN,3,2015
MDV,3,2015
NZL,3,2015
SAU,3,2015
SGP,3,2015
SYR,3,2015
TUV,3,2015
SLV,4,2015
OMN,4,2015
GBR,4,2015
ERI,5,2015
BHR,6,2015
WSM,6,2015
URY,6,2015
JPN,7,2015
LBY,8,2015
NIC,8,2015
ESP,8,2015
LCA,9,2015
CRI,10,2015
DJI,12,2015
GMB,12,2015
AUS,13,2015
SLB,13,2015
BTN,14,2015
GNQ,15,2015
IRN,17,2015
MRT,18,2015
GAB,20,2015
SUR,20,2015
QAT,26,2015
MAR,27,2015
TTO,30,2015
GUY,32,2015
PER,32,2015
RWA,34,2015
ZAF,35,2015
AFG,42,2015
HTI,52,2015
MHL,56,2015
COG,59,2015
LAO,88,2015
TGO,96,2015
SOM,107,2015
TLS,111,2015
DOM,138,2015
FSM,164,2015
MEX,173,2015
BEN,174,2015
USA,178,2015
VNM,178,2015
KIR,180,2015
GIN,184,2015
BFA,187,2015
THA,187,2015
CUB,207,2015
MYS,210,2015
MLI,222,2015
UGA,241,2015
SEN,248,2015
YEM,255,2015
ARG,290,2015
GHA,302,2015
COM,343,2015
COL,349,2015
CMR,361,2015
NER,378,2015
PNG,388,2015
TCD,392,2015
PRY,421,2015
PAK,446,2015
VEN,448,2015
EGY,583,2015
SDN,624,2015
CHN,678,2015
AGO,823,2015
CIV,891,2015
MOZ,1335,2015
MDG,1487,2015
PHL,1617,2015
LKA,1977,2015
TZA,2256,2015
MMR,2571,2015
NPL,2751,2015
NGA,2892,2015
ETH,3970,2015
BGD,3976,2015
COD,4237,2015
IDN,17202,2015
BRA,26395,2015
IND,127326,2015
BGR,-1,2015
FRA,-1,2015
KAZ,-1,2015
MCO,-1,2015
NLD,-1,2015
SWE,-1,2015
CHE,-1,2015
MKD,-1,2015
TKM,-1,2015
UKR,-1,2015
DZA,-1,2015
ATG,-1,2015
BRB,-1,2015
BLR,-1,2015
BEL,-1,2015
BLZ,-1,2015
BOL,-1,2015
BWA,-1,2015
BDI,-1,2015
KHM,-1,2015
CAN,-1,2015
CPV,-1,2015
CAF,-1,2015
COK,-1,2015
HRV,-1,2015
DMA,-1,2015
ECU,-1,2015
GEO,-1,2015
GRC,-1,2015
GRD,-1,2015
GTM,-1,2015
GNB,-1,2015
HUN,-1,2015
ITA,-1,2015
JAM,-1,2015
KEN,-1,2015
KWT,-1,2015
KGZ,-1,2015
LBR,-1,2015
LTU,-1,2015
LUX,-1,2015
MWI,-1,2015
MUS,-1,2015
MNG,-1,2015
MNE,-1,2015
NAM,-1,2015
NIU,-1,2015
POL,-1,2015
KNA,-1,2015
VCT,-1,2015
SMR,-1,2015
STP,-1,2015
SRB,-1,2015
SLE,-1,2015
SWZ,-1,2015
TJK,-1,2015
TON,-1,2015
TUR,-1,2015
ARE,-1,2015
ZMB,-1,2015
ZWE,-1,2015
SDS,-1,2015
DZA,0,2014
ATG,0,2014
BHS,0,2014
BLZ,0,2014
CHL,0,2014
COK,0,2014
PRK,0,2014
DMA,0,2014
GTM,0,2014
JOR,0,2014
LBN,0,2014
MNG,0,2014
NRU,0,2014
KNA,0,2014
VCT,0,2014
TUN,0,2014
TUV,0,2014
BRN,1,2014
ERI,1,2014
SYC,1,2014
HND,2,2014
LSO,2,2014
PLW,2,2014
PAN,2,2014
IRQ,3,2014
NZL,4,2014
SGP,4,2014
URY,4,2014
SLV,5,2014
FJI,5,2014
JPN,5,2014
VUT,5,2014
OMN,6,2014
KOR,6,2014
LBY,7,2014
SAU,7,2014
WSM,8,2014
AUS,9,2014
MDV,9,2014
KWT,10,2014
CRI,12,2014
SOM,14,2014
GMB,15,2014
NIC,15,2014
BTN,16,2014
GAB,16,2014
IRN,22,2014
PER,22,2014
SUR,22,2014
TTO,22,2014
MAR,25,2014
GUY,28,2014
AFG,38,2014
RWA,38,2014
QAT,48,2014
SLB,48,2014
CAF,68,2014
MHL,81,2014
TLS,89,2014
TGO,97,2014
LAO,104,2014
KEN,116,2014
KIR,123,2014
USA,175,2014
FSM,178,2014
VNM,187,2014
BEN,192,2014
KHM,203,2014
BFA,208,2014
MEX,208,2014
THA,208,2014
CUB,210,2014
SEN,233,2014
GIN,241,2014
TCD,258,2014
MLI,259,2014
UGA,275,2014
MYS,308,2014
ARG,314,2014
CMR,317,2014
COM,324,2014
LBR,355,2014
DOM,370,2014
PRY,378,2014
NER,403,2014
YEM,413,2014
COL,423,2014
PAK,501,2014
VEN,513,2014
PNG,540,2014
EGY,564,2014
SDN,684,2014
SDS,691,2014
CHN,823,2014
CIV,910,2014
MDG,1617,2014
PHL,1655,2014
TZA,1947,2014
LKA,2157,2014
MMR,2877,2014
NGA,2983,2014
NPL,3046,2014
COD,3272,2014
BGD,3622,2014
ETH,3758,2014
IDN,17025,2014
BRA,31064,2014
IND,125785,2014
BGR,-1,2014
FRA,-1,2014
KAZ,-1,2014
MCO,-1,2014
NLD,-1,2014
SMR,-1,2014
SWE,-1,2014
CHE,-1,2014
MKD,-1,2014
TKM,-1,2014
UKR,-1,2014
ALB,-1,2014
AND,-1,2014
AGO,-1,2014
ARM,-1,2014
AUT,-1,2014
AZE,-1,2014
BHR,-1,2014
BRB,-1,2014
BLR,-1,2014
BEL,-1,2014
BOL,-1,2014
BIH,-1,2014
BWA,-1,2014
BDI,-1,2014
CAN,-1,2014
CPV,-1,2014
COG,-1,2014
HRV,-1,2014
CYP,-1,2014
CZE,-1,2014
DNK,-1,2014
DJI,-1,2014
ECU,-1,2014
GNQ,-1,2014
EST,-1,2014
FIN,-1,2014
GEO,-1,2014
DEU,-1,2014
GHA,-1,2014
GRC,-1,2014
GRD,-1,2014
GNB,-1,2014
HTI,-1,2014
HUN,-1,2014
ISL,-1,2014
IRL,-1,2014
ISR,-1,2014
ITA,-1,2014
JAM,-1,2014
KGZ,-1,2014
LVA,-1,2014
LTU,-1,2014
LUX,-1,2014
MWI,-1,2014
MLT,-1,2014
MRT,-1,2014
MUS,-1,2014
MNE,-1,2014
MOZ,-1,2014
NAM,-1,2014
NIU,-1,2014
NOR,-1,2014
POL,-1,2014
PRT,-1,2014
MDA,-1,2014
ROU,-1,2014
RUS,-1,2014
LCA,-1,2014
STP,-1,2014
SRB,-1,2014
SLE,-1,2014
SVK,-1,2014
SVN,-1,2014
ZAF,-1,2014
ESP,-1,2014
SWZ,-1,2014
SYR,-1,2014
TJK,-1,2014
TON,-1,2014
TUR,-1,2014
ARE,-1,2014
GBR,-1,2014
UZB,-1,2014
ZMB,-1,2014
ZWE,-1,2014
MDA,-1,2013
BLZ,0,2013
CHL,0,2013
NIU,0,2013
SLV,1,2013
JPN,3,2013
NZL,3,2013
KOR,7,2013
SGP,8,2013
GUY,20,2013
NIC,21,2013
GMB,34,2013
TTO,38,2013
DOM,128,2013
MEX,172,2013
CUB,232,2013
BFA,253,2013
YEM,383,2013
TCD,391,2013
SDS,576,2013
AGO,850,2013
LKA,1990,2013
MMR,2950,2013
BRA,31044,2013
ALB,-1,2013
BHS,-1,2013
BRB,-1,2013
BWA,-1,2013
CPV,-1,2013
ECU,-1,2013
GNQ,-1,2013
GHA,-1,2013
HTI,-1,2013
JAM,-1,2013
KGZ,-1,2013
LUX,-1,2013
MLT,-1,2013
POL,-1,2013
ROU,-1,2013
STP,-1,2013
SYC,-1,2013
SWZ,-1,2013
TJK,-1,2013
VUT,-1,2013
ZMB,-1,2013
BRN,0,2013
TUN,0,2013
GRD,1,2013
IRQ,3,2013
MDV,3,2013
FJI,6,2013
SAU,8,2013
IRN,21,2013
SUR,25,2013
ARE,31,2013
MAR,38,2013
AFG,39,2013
TLS,102,2013
KIR,137,2013
SEN,247,2013
BEN,254,2013
PNG,381,2013
GIN,387,2013
PRY,407,2013
COM,480,2013
SDN,677,2013
TZA,2005,2013
BGD,3141,2013
IDN,16856,2013
IND,126913,2013
DZA,-1,2013
AZE,-1,2013
BHR,-1,2013
BDI,-1,2013
HRV,-1,2013
EGY,-1,2013
ERI,-1,2013
DEU,-1,2013
GNB,-1,2013
KEN,-1,2013
LVA,-1,2013
MWI,-1,2013
MRT,-1,2013
NOR,-1,2013
PRT,-1,2013
SRB,-1,2013
SLE,-1,2013
SYR,-1,2013
TGO,-1,2013
UZB,-1,2013
VEN,-1,2013
IRL,-1,2013
GTM,1,2013
TUV,1,2013
NRU,2,2013
LCA,2,2013
WSM,12,2013
AUS,13,2013
BTN,17,2013
KWT,18,2013
COG,53,2013
LAO,84,2013
MHL,93,2013
CAF,99,2013
VNM,260,2013
MYS,306,2013
ARG,309,2013
KHM,373,2013
CHN,930,2013
CIV,1169,2013
MDG,1569,2013
PHL,1729,2013
AND,-1,2013
ATG,-1,2013
ARM,-1,2013
AUT,-1,2013
CYP,-1,2013
CZE,-1,2013
DNK,-1,2013
DJI,-1,2013
DMA,-1,2013
HUN,-1,2013
ISL,-1,2013
ISR,-1,2013
ITA,-1,2013
MUS,-1,2013
MNE,-1,2013
MOZ,-1,2013
NAM,-1,2013
SVK,-1,2013
SVN,-1,2013
SOM,-1,2013
ZAF,-1,2013
ESP,-1,2013
ZWE,-1,2013
COK,0,2013
PRK,0,2013
JOR,0,2013
MNG,0,2013
PLW,3,2013
PAN,3,2013
HND,4,2013
OMN,5,2013
URY,5,2013
CRI,26,2013
QAT,26,2013
PER,27,2013
SLB,30,2013
MLI,176,2013
THA,188,2013
USA,188,2013
FSM,195,2013
NER,424,2013
COL,430,2013
PAK,431,2013
CMR,441,2013
NPL,3225,2013
NGA,3385,2013
COD,3744,2013
ETH,4374,2013
BLR,-1,2013
BEL,-1,2013
BOL,-1,2013
BIH,-1,2013
EST,-1,2013
FIN,-1,2013
GAB,-1,2013
GEO,-1,2013
LBN,-1,2013
LSO,-1,2013
LBR,-1,2013
LBY,-1,2013
LTU,-1,2013
RUS,-1,2013
RWA,-1,2013
KNA,-1,2013
VCT,-1,2013
TON,-1,2013
TUR,-1,2013
UGA,-1,2013
GBR,-1,2013
MDA,-1,2012
PRK,0,2012
GTM,0,2012
LBN,1,2012
BRN,2,2012
FJI,3,2012
PAN,3,2012
LBY,4,2012
KOR,5,2012
WSM,8,2012
SGP,15,2012
QAT,24,2012
GAB,30,2012
RWA,41,2012
ECU,86,2012
USA,168,2012
THA,220,2012
UGA,264,2012
VNM,296,2012
COL,392,2012
AGO,431,2012
VEN,692,2012
MOZ,758,2012
TZA,2528,2012
NPL,3492,2012
IDN,18994,2012
IND,134752,2012
DZA,-1,2012
BHS,-1,2012
BRB,-1,2012
TCD,-1,2012
COM,-1,2012
CZE,-1,2012
ERI,-1,2012
FIN,-1,2012
HTI,-1,2012
ISL,-1,2012
LSO,-1,2012
LTU,-1,2012
MUS,-1,2012
NAM,-1,2012
NOR,-1,2012
KNA,-1,2012
SYC,-1,2012
TGO,-1,2012
TTO,-1,2012
DMA,0,2012
JOR,0,2012
IRQ,1,2012
NZL,1,2012
DJI,2,2012
SLV,3,2012
JPN,3,2012
SAU,4,2012
LCA,5,2012
NIC,8,2012
SLB,13,2012
ZAF,15,2012
IRN,21,2012
SUR,27,2012
TLS,70,2012
LAO,88,2012
MEX,216,2012
SEN,224,2012
CUB,258,2012
PNG,283,2012
YEM,392,2012
GIN,438,2012
SDN,727,2012
CIV,1030,2012
LKA,2191,2012
MMR,3013,2012
BRA,33303,2012
ALB,-1,2012
BHR,-1,2012
BLR,-1,2012
CPV,-1,2012
CHL,-1,2012
DNK,-1,2012
EST,-1,2012
HUN,-1,2012
ISR,-1,2012
LVA,-1,2012
LBR,-1,2012
MNE,-1,2012
NIU,-1,2012
SRB,-1,2012
SVK,-1,2012
TJK,-1,2012
TON,-1,2012
ZWE,-1,2012
MNG,0,2012
VCT,0,2012
TUN,0,2012
BWA,1,2012
TUV,3,2012
AUS,4,2012
GNQ,4,2012
HND,4,2012
KWT,16,2012
BTN,18,2012
GUY,19,2012
GBR,19,2012
KIR,94,2012
DOM,124,2012
MHL,137,2012
SOM,139,2012
CAF,152,2012
ARG,310,2012
BFA,313,2012
MYS,325,2012
PAK,377,2012
CHN,1210,2012
MDG,1474,2012
SDS,1801,2012
PHL,2150,2012
AND,-1,2012
ARM,-1,2012
AUT,-1,2012
AZE,-1,2012
COG,-1,2012
COK,-1,2012
HRV,-1,2012
CYP,-1,2012
ITA,-1,2012
JAM,-1,2012
KEN,-1,2012
KGZ,-1,2012
POL,-1,2012
PRT,-1,2012
ROU,-1,2012
RUS,-1,2012
TUR,-1,2012
ARE,-1,2012
UZB,-1,2012
VUT,-1,2012
ZMB,-1,2012
IRL,-1,2012
ATG,0,2012
BLZ,0,2012
GRD,2,2012
NRU,2,2012
PLW,2,2012
STP,2,2012
URY,5,2012
CRI,6,2012
MDV,7,2012
OMN,7,2012
PER,32,2012
GMB,33,2012
AFG,37,2012
MAR,38,2012
MLI,228,2012
SLE,236,2012
BEN,243,2012
FSM,252,2012
NER,464,2012
KHM,475,2012
CMR,502,2012
PRY,515,2012
EGY,644,2012
COD,3607,2012
BGD,3688,2012
ETH,3776,2012
NGA,3805,2012
BEL,-1,2012
BOL,-1,2012
BIH,-1,2012
BDI,-1,2012
GEO,-1,2012
DEU,-1,2012
GHA,-1,2012
GNB,-1,2012
LUX,-1,2012
MWI,-1,2012
MLT,-1,2012
MRT,-1,2012
SVN,-1,2012
ESP,-1,2012
SWZ,-1,2012
SYR,-1,2012
MDA,-1,2011
BRB,1,2011
IRQ,1,2011
GTM,3,2011
LBY,3,2011
DJI,6,2011
NAM,6,2011
SGP,11,2011
MDV,14,2011
GMB,30,2011
IRN,36,2011
MAR,51,2011
LAO,93,2011
KIR,111,2011
DOM,154,2011
FSM,196,2011
THA,280,2011
PNG,302,2011
ZMB,376,2011
COL,434,2011
PRY,468,2011
VEN,577,2011
LBR,662,2011
SDS,1799,2011
LKA,2178,2011
ETH,5280,2011
BRA,33955,2011
ALB,-1,2011
AZE,-1,2011
BLR,-1,2011
TCD,-1,2011
HRV,-1,2011
EST,-1,2011
FIN,-1,2011
HTI,-1,2011
ISL,-1,2011
LTU,-1,2011
MWI,-1,2011
NGA,-1,2011
NOR,-1,2011
RUS,-1,2011
WSM,-1,2011
SLB,-1,2011
ESP,-1,2011
TUV,-1,2011
TZA,-1,2011
DZA,0,2011
SLV,1,2011
NZL,1,2011
VUT,2,2011
LBN,3,2011
LSO,6,2011
NIC,6,2011
URY,12,2011
CRI,16,2011
QAT,25,2011
GAB,32,2011
TLS,83,2011
KEN,105,2011
USA,173,2011
MEX,215,2011
SOM,255,2011
YEM,299,2011
PAK,429,2011
BDI,445,2011
EGY,649,2011
SDN,706,2011
MDG,1577,2011
PHL,1818,2011
IDN,20023,2011
IND,127295,2011
BHS,-1,2011
BEL,-1,2011
BFA,-1,2011
COK,-1,2011
ERI,-1,2011
FJI,-1,2011
HUN,-1,2011
ISR,-1,2011
LVA,-1,2011
LUX,-1,2011
NRU,-1,2011
NIU,-1,2011
VCT,-1,2011
STP,-1,2011
SVN,-1,2011
ZAF,-1,2011
SWZ,-1,2011
TUR,-1,2011
ARE,-1,2011
BLZ,0,2011
CHL,0,2011
PRK,0,2011
JOR,0,2011
KNA,0,2011
OMN,3,2011
TUN,3,2011
BHR,4,2011
CPV,4,2011
KWT,16,2011
PER,21,2011
BTN,23,2011
GUY,23,2011
ECU,112,2011
MHL,116,2011
CAF,141,2011
COG,146,2011
KHM,314,2011
ARG,340,2011
UGA,342,2011
NER,364,2011
VNM,748,2011
CIV,770,2011
MOZ,1097,2011
CHN,1144,2011
AND,-1,2011
ATG,-1,2011
ARM,-1,2011
AUT,-1,2011
CYP,-1,2011
CZE,-1,2011
DNK,-1,2011
DMA,-1,2011
GNQ,-1,2011
ITA,-1,2011
JAM,-1,2011
JPN,-1,2011
KGZ,-1,2011
PLW,-1,2011
POL,-1,2011
PRT,-1,2011
ROU,-1,2011
TJK,-1,2011
TGO,-1,2011
TON,-1,2011
TTO,-1,2011
IRL,-1,2011
SYC,1,2011
HND,2,2011
PAN,2,2011
SYR,2,2011
SAU,6,2011
AUS,7,2011
KOR,7,2011
LCA,7,2011
GBR,10,2011
SUR,41,2011
RWA,43,2011
GNB,45,2011
AFG,50,2011
MYS,216,2011
MLI,226,2011
BEN,246,2011
CUB,254,2011
GIN,498,2011
COM,502,2011
AGO,508,2011
CMR,552,2011
MMR,3082,2011
NPL,3184,2011
COD,3949,2011
BGD,3970,2011
BOL,-1,2011
BIH,-1,2011
BWA,-1,2011
BRN,-1,2011
GEO,-1,2011
DEU,-1,2011
GHA,-1,2011
GRD,-1,2011
MLT,-1,2011
MRT,-1,2011
MUS,-1,2011
MNG,-1,2011
MNE,-1,2011
SEN,-1,2011
SRB,-1,2011
SLE,-1,2011
SVK,-1,2011
UZB,-1,2011
ZWE,-1,2011
IRQ,0,2010
KGZ,0,2010
LBN,0,2010
MNE,0,2010
POL,0,2010
TON,0,2010
UZB,0,2010
FJI,2,2010
NRU,2,2010
BRN,3,2010
ISR,3,2010
JPN,4,2010
ITA,5,2010
MDV,7,2010
ESP,10,2010
URY,11,2010
PER,13,2010
HTI,26,2010
SUR,28,2010
IRN,46,2010
AFG,51,2010
BOL,124,2010
ECU,134,2010
BEN,227,2010
KHM,262,2010
ARG,354,2010
MLI,363,2010
PAK,396,2010
NER,447,2010
AGO,1076,2010
CHN,1324,2010
NPL,3118,2010
NGA,3913,2010
IND,126800,2010
BHS,-1,2010
PRK,-1,2010
GEO,-1,2010
MRT,-1,2010
PAN,-1,2010
SDS,-1,2010
TGO,-1,2010
MDA,-1,2010
AND,0,2010
AUT,0,2010
COK,0,2010
CYP,0,2010
JOR,0,2010
LVA,0,2010
NIU,0,2010
ROU,0,2010
TJK,0,2010
TUV,0,2010
SYR,1,2010
HND,2,2010
GTM,3,2010
MUS,3,2010
CPV,4,2010
LCA,4,2010
LBY,7,2010
AUS,9,2010
WSM,12,2010
BTN,14,2010
GUY,26,2010
GNQ,27,2010
NAM,42,2010
SOM,47,2010
KEN,126,2010
DOM,144,2010
MEX,211,2010
CUB,248,2010
PNG,281,2010
UGA,342,2010
VNM,359,2010
THA,405,2010
LBR,482,2010
EGY,680,2010
MOZ,1207,2010
MDG,1520,2010
MMR,2936,2010
BGD,3848,2010
ATG,-1,2010
BRB,-1,2010
DNK,-1,2010
DEU,-1,2010
JAM,-1,2010
NIC,-1,2010
SWZ,-1,2010
ALB,0,2010
DMA,0,2010
EST,0,2010
FIN,0,2010
ISL,0,2010
RUS,0,2010
STP,0,2010
SVK,0,2010
SVN,0,2010
OMN,2,2010
TUN,2,2010
GBR,2,2010
BHR,3,2010
SAU,5,2010
TUR,5,2010
KOR,6,2010
CRI,7,2010
LSO,7,2010
SLB,14,2010
PRT,15,2010
TTO,17,2010
KWT,21,2010
LAO,86,2010
TLS,87,2010
MHL,110,2010
FSM,117,2010
COL,295,2010
BFA,320,2010
MWI,321,2010
YEM,339,2010
CMR,532,2010
BDI,546,2010
GIN,549,2010
VEN,636,2010
ETH,4430,2010
COD,5049,2010
IDN,17012,2010
BRA,34894,2010
GHA,-1,2010
GRD,-1,2010
GNB,-1,2010
HUN,-1,2010
IRL,-1,2010
DZA,0,2010
ARM,0,2010
HRV,0,2010
CZE,0,2010
AZE,0,2010
BLZ,0,2010
BIH,0,2010
CHL,0,2010
LTU,0,2010
LUX,0,2010
MLT,0,2010
MNG,0,2010
DJI,1,2010
SLV,1,2010
NOR,1,2010
KNA,1,2010
SYC,1,2010
NZL,3,2010
PLW,3,2010
VUT,3,2010
BWA,4,2010
ARE,10,2010
ZWE,10,2010
ERI,11,2010
SGP,11,2010
QAT,35,2010
RWA,36,2010
GAB,40,2010
MAR,40,2010
GMB,42,2010
USA,169,2010
CAF,174,2010
KIR,182,2010
MYS,194,2010
ZMB,374,2010
SLE,382,2010
TCD,389,2010
PRY,392,2010
LKA,2027,2010
PHL,2041,2010
TZA,2349,2010
SDN,2394,2010
BLR,-1,2010
BEL,-1,2010
CIV,-1,2010
COM,-1,2010
COG,-1,2010
VCT,-1,2010
SEN,-1,2010
SRB,-1,2010
ZAF,-1,2010
BLR,0,2009
CHL,0,2009
MNG,0,2009
KNA,0,2009
DMA,1,2009
GTM,1,2009
TUN,1,2009
DJI,2,2009
JPN,2,2009
NAM,4,2009
SYR,4,2009
VUT,5,2009
NIC,6,2009
URY,8,2009
MDV,11,2009
SAU,15,2009
PER,27,2009
GUY,29,2009
MHL,44,2009
AFG,52,2009
SOM,109,2009
FSM,122,2009
COG,145,2009
DOM,167,2009
CAF,247,2009
ARG,333,2009
UGA,346,2009
PNG,435,2009
CMR,453,2009
NER,555,2009
GHA,623,2009
MDG,1572,2009
PHL,1795,2009
ETH,4417,2009
BGD,5239,2009
AND,-1,2009
AUT,-1,2009
CZE,-1,2009
DNK,-1,2009
ITA,-1,2009
LVA,-1,2009
MNE,-1,2009
NOR,-1,2009
SVK,-1,2009
SDS,-1,2009
MDA,-1,2009
HRV,0,2009
EST,0,2009
GRD,0,2009
HUN,0,2009
JOR,0,2009
HND,1,2009
IRQ,1,2009
KWT,1,2009
PAN,1,2009
LSO,5,2009
LBY,5,2009
KOR,5,2009
WSM,5,2009
ESP,17,2009
GNQ,23,2009
GAB,26,2009
TTO,26,2009
GNB,75,2009
ECU,81,2009
KIR,96,2009
LAO,101,2009
CUB,264,2009
SEN,271,2009
BDI,280,2009
THA,300,2009
SLE,462,2009
COL,468,2009
TCD,484,2009
PAK,527,2009
LKA,1875,2009
SDN,2100,2009
TZA,2654,2009
MMR,3147,2009
NGA,4219,2009
BEL,-1,2009
BIH,-1,2009
BWA,-1,2009
CPV,-1,2009
LTU,-1,2009
LUX,-1,2009
MLT,-1,2009
MUS,-1,2009
TJK,-1,2009
GBR,-1,2009
UZB,-1,2009
IRL,-1,2009
BLZ,0,2009
COK,0,2009
NIU,0,2009
VCT,0,2009
BHR,1,2009
DEU,1,2009
BRN,2,2009
FJI,2,2009
PLW,4,2009
AUS,5,2009
TUR,5,2009
ZWE,5,2009
PRT,9,2009
BTN,12,2009
RWA,28,2009
SLB,30,2009
MAR,41,2009
QAT,46,2009
MEX,114,2009
BOL,141,2009
MYS,187,2009
BEN,248,2009
COM,318,2009
MLI,346,2009
LBR,415,2009
ZMB,446,2009
VEN,567,2009
GIN,636,2009
MOZ,1191,2009
CHN,1597,2009
NPL,4394,2009
COD,5062,2009
ARM,-1,2009
AZE,-1,2009
CYP,-1,2009
PRK,-1,2009
ISR,-1,2009
KGZ,-1,2009
NZL,-1,2009
POL,-1,2009
SYC,-1,2009
ZAF,-1,2009
SWZ,-1,2009
DZA,0,2009
ATG,0,2009
BHS,0,2009
BRB,0,2009
SVN,0,2009
TON,0,2009
TUV,0,2009
ARE,0,2009
OMN,2,2009
LBN,3,2009
NRU,3,2009
SLV,4,2009
CRI,7,2009
JAM,7,2009
LCA,8,2009
SGP,8,2009
IRN,32,2009
GMB,34,2009
MRT,34,2009
SUR,38,2009
KEN,157,2009
TLS,160,2009
USA,161,2009
TGO,162,2009
KHM,351,2009
YEM,387,2009
PRY,404,2009
BFA,412,2009
VNM,413,2009
EGY,700,2009
MWI,759,2009
CIV,884,2009
AGO,937,2009
IDN,17260,2009
BRA,37610,2009
IND,133717,2009
ALB,-1,2009
ERI,-1,2009
FIN,-1,2009
GEO,-1,2009
HTI,-1,2009
ISL,-1,2009
ROU,-1,2009
RUS,-1,2009
STP,-1,2009
SRB,-1,2009
MDA,-1,2008
AND,0,2008
BHR,0,2008
HRV,0,2008
CZE,0,2008
IRQ,0,2008
KWT,0,2008
NOR,0,2008
STP,0,2008
SVN,0,2008
LBN,1,2008
NIC,1,2008
JPN,3,2008
JAM,4,2008
TUR,5,2008
WSM,6,2008
ARE,10,2008
AUS,11,2008
AFG,24,2008
GNQ,27,2008
MHL,46,2008
MAR,53,2008
SOM,125,2008
CAF,141,2008
MYS,218,2008
SEN,257,2008
THA,401,2008
PNG,422,2008
NER,486,2008
VNM,530,2008
CIV,998,2008
MOZ,1313,2008
MMR,3365,2008
NPL,4708,2008
BRA,38914,2008
ALB,-1,2008
BLZ,-1,2008
CHL,-1,2008
ISL,-1,2008
KGZ,-1,2008
MUS,-1,2008
NAM,-1,2008
VCT,-1,2008
SYC,-1,2008
UZB,-1,2008
ZWE,-1,2008
IRL,-1,2008
BEL,0,2008
BIH,0,2008
BWA,0,2008
COK,0,2008
LVA,0,2008
LTU,0,2008
MNG,0,2008
NIU,0,2008
BRN,2,2008
NRU,2,2008
OMN,2,2008
CRI,3,2008
LSO,7,2008
KOR,7,2008
GBR,7,2008
SGP,10,2008
GUY,28,2008
RWA,34,2008
IRN,35,2008
QAT,38,2008
SUR,40,2008
USA,150,2008
DOM,154,2008
TLS,154,2008
KEN,167,2008
COL,445,2008
PAK,447,2008
BFA,452,2008
YEM,471,2008
MDG,1763,2008
SDN,1901,2008
LKA,1979,2008
PHL,2373,2008
ARM,-1,2008
AZE,-1,2008
BHS,-1,2008
BRB,-1,2008
LUX,-1,2008
MWI,-1,2008
MLI,-1,2008
MRT,-1,2008
ZAF,-1,2008
SDS,-1,2008
SWZ,-1,2008
TJK,-1,2008
DZA,0,2008
AUT,0,2008
CYP,0,2008
DNK,0,2008
HUN,0,2008
JOR,0,2008
PAN,0,2008
SVK,0,2008
MLT,1,2008
TUN,1,2008
GTM,3,2008
FJI,4,2008
SYR,5,2008
MDV,6,2008
URY,10,2008
PER,13,2008
SAU,23,2008
GAB,24,2008
KIR,42,2008
HTI,52,2008
BOL,129,2008
MEX,143,2008
COG,217,2008
CUB,233,2008
BDI,275,2008
ARG,388,2008
CMR,406,2008
PRY,487,2008
TCD,549,2008
EGY,797,2008
AGO,1184,2008
CHN,1614,2008
TZA,3276,2008
ETH,4170,2008
IND,134184,2008
ATG,-1,2008
BLR,-1,2008
CPV,-1,2008
PRK,-1,2008
GRD,-1,2008
ITA,-1,2008
MNE,-1,2008
NZL,-1,2008
SRB,-1,2008
SLE,-1,2008
TGO,-1,2008
ZMB,-1,2008
DJI,0,2008
EST,0,2008
FIN,0,2008
GEO,0,2008
TON,0,2008
TUV,0,2008
VUT,0,2008
HND,1,2008
SLV,5,2008
ISR,5,2008
LBY,5,2008
PLW,5,2008
LCA,5,2008
TTO,14,2008
SLB,17,2008
ESP,17,2008
BTN,18,2008
GNB,78,2008
ECU,83,2008
LAO,93,2008
FSM,124,2008
BEN,298,2008
KHM,306,2008
COM,336,2008
UGA,345,2008
GHA,557,2008
VEN,586,2008
GIN,664,2008
LBR,777,2008
NGA,4899,2008
BGD,5249,2008
COD,6114,2008
IDN,17441,2008
DMA,-1,2008
ERI,-1,2008
GMB,-1,2008
DEU,-1,2008
POL,-1,2008
PRT,-1,2008
ROU,-1,2008
RUS,-1,2008
KNA,-1,2008
IRL,-1,2007
ATG,0,2007
BHS,0,2007
COK,0,2007
CZE,0,2007
IRQ,0,2007
LVA,0,2007
ROU,0,2007
VCT,0,2007
CYP,1,2007
SYC,1,2007
VUT,3,2007
PLW,4,2007
JAM,6,2007
CPV,8,2007
KOR,12,2007
SGP,12,2007
AFG,26,2007
GAB,27,2007
GNB,58,2007
MHL,64,2007
TGO,173,2007
MYS,190,2007
ARG,312,2007
LBR,319,2007
SOM,414,2007
MLI,455,2007
GHA,594,2007
TCD,631,2007
CHN,1526,2007
MOZ,2510,2007
NGA,4665,2007
COD,8820,2007
BTN,-1,2007
BIH,-1,2007
GEO,-1,2007
GTM,-1,2007
LBN,-1,2007
LUX,-1,2007
MDV,-1,2007
NIC,-1,2007
PAN,-1,2007
SDS,-1,2007
SWZ,-1,2007
ZMB,-1,2007
MDA,-1,2007
ALB,0,2007
DZA,0,2007
AND,0,2007
DNK,0,2007
DMA,0,2007
EST,0,2007
FIN,0,2007
DEU,0,2007
SVK,0,2007
SVN,0,2007
TJK,0,2007
TON,0,2007
GBR,4,2007
URY,4,2007
ISR,5,2007
FJI,6,2007
PER,19,2007
ESP,19,2007
KWT,20,2007
SAU,20,2007
ECU,107,2007
COM,108,2007
LAO,125,2007
FSM,141,2007
DOM,164,2007
BEN,345,2007
CAF,345,2007
UGA,389,2007
PRY,403,2007
GIN,803,2007
EGY,887,2007
CIV,1204,2007
AGO,1269,2007
BRA,39125,2007
IND,137685,2007
ARM,-1,2007
AUS,-1,2007
AZE,-1,2007
HND,-1,2007
ISL,-1,2007
KEN,-1,2007
KGZ,-1,2007
RWA,-1,2007
KNA,-1,2007
WSM,-1,2007
STP,-1,2007
AUT,0,2007
BRB,0,2007
BRN,0,2007
HRV,0,2007
HUN,0,2007
JOR,0,2007
RUS,0,2007
SRB,0,2007
TUN,0,2007
MLT,1,2007
TUV,1,2007
NRU,3,2007
LSO,4,2007
ZWE,6,2007
SLV,8,2007
PRT,12,2007
LCA,12,2007
SLB,15,2007
IRN,25,2007
GUY,26,2007
KIR,63,2007
ZAF,66,2007
TLS,184,2007
BDI,239,2007
SEN,282,2007
KHM,315,2007
YEM,434,2007
PAK,496,2007
NER,610,2007
VEN,683,2007
MDG,1521,2007
SDN,1706,2007
BGD,5357,2007
IDN,17723,2007
BOL,-1,2007
CHL,-1,2007
GMB,-1,2007
GRD,-1,2007
LTU,-1,2007
MWI,-1,2007
NIU,-1,2007
QAT,-1,2007
SLE,-1,2007
LKA,-1,2007
BLR,0,2007
BEL,0,2007
BLZ,0,2007
BWA,0,2007
MNG,0,2007
MNE,0,2007
NOR,0,2007
POL,0,2007
BHR,2,2007
ITA,2,2007
OMN,2,2007
SYR,2,2007
LBY,8,2007
CRI,11,2007
JPN,11,2007
ARE,11,2007
HTI,29,2007
TTO,30,2007
MAR,38,2007
SUR,42,2007
MEX,243,2007
CUB,244,2007
COG,261,2007
PNG,270,2007
THA,506,2007
COL,510,2007
CMR,549,2007
BFA,588,2007
VNM,588,2007
PHL,2514,2007
MMR,3637,2007
ETH,4187,2007
NPL,4436,2007
PRK,-1,2007
DJI,-1,2007
GNQ,-1,2007
ERI,-1,2007
MRT,-1,2007
MUS,-1,2007
NAM,-1,2007
NZL,-1,2007
TUR,-1,2007
TZA,-1,2007
USA,-1,2007
UZB,-1,2007
BHS,0,2006
NIU,0,2006
TON,0,2006
OMN,4,2006
AUS,5,2006
JAM,6,2006
PLW,6,2006
KOR,15,2006
AFG,21,2006
ZAF,38,2006
KIR,41,2006
COG,65,2006
COM,132,2006
CUB,183,2006
MYS,237,2006
YEM,358,2006
PNG,385,2006
ARG,412,2006
PAK,476,2006
BFA,776,2006
EGY,945,2006
TZA,3450,2006
MOZ,3637,2006
IDN,17682,2006
IND,139252,2006
DZA,-1,2006
AZE,-1,2006
BRB,-1,2006
HRV,-1,2006
CZE,-1,2006
GNQ,-1,2006
ETH,-1,2006
GEO,-1,2006
GNB,-1,2006
HUN,-1,2006
LBN,-1,2006
LUX,-1,2006
NAM,-1,2006
NZL,-1,2006
ROU,-1,2006
RWA,-1,2006
SVK,-1,2006
SLB,-1,2006
UZB,-1,2006
ZMB,-1,2006
IRL,-1,2006
BRN,2,2006
TUV,2,2006
LSO,3,2006
FJI,4,2006
URY,7,2006
MDV,8,2006
CRI,10,2006
SGP,12,2006
ERI,13,2006
SUR,41,2006
GMB,55,2006
MAR,62,2006
IRN,64,2006
TLS,248,2006
LBR,285,2006
BDI,288,2006
CAF,313,2006
NER,655,2006
THA,665,2006
VNM,666,2006
CMR,714,2006
VEN,768,2006
MMR,3721,2006
NPL,4253,2006
BGD,6280,2006
COD,8257,2006
BEL,-1,2006
BIH,-1,2006
BWA,-1,2006
CPV,-1,2006
DEU,-1,2006
GHA,-1,2006
GRD,-1,2006
GIN,-1,2006
MWI,-1,2006
MLT,-1,2006
MHL,-1,2006
MRT,-1,2006
MUS,-1,2006
VCT,-1,2006
STP,-1,2006
SRB,-1,2006
SYC,-1,2006
ZWE,-1,2006
MDA,-1,2006
BLZ,0,2006
MNG,0,2006
SWZ,0,2006
TUN,1,2006
GTM,4,2006
SYR,4,2006
LBY,6,2006
JPN,7,2006
BTN,16,2006
HTI,22,2006
GAB,37,2006
GUY,39,2006
ECU,95,2006
USA,137,2006
KEN,190,2006
MEX,243,2006
SEN,353,2006
KHM,376,2006
UGA,423,2006
MLI,509,2006
SDN,884,2006
CIV,976,2006
PHL,2517,2006
NGA,3544,2006
BRA,44436,2006
ALB,-1,2006
BHR,-1,2006
BLR,-1,2006
TCD,-1,2006
CYP,-1,2006
EST,-1,2006
FIN,-1,2006
HND,-1,2006
ISL,-1,2006
LVA,-1,2006
LTU,-1,2006
MNE,-1,2006
NRU,-1,2006
RUS,-1,2006
KNA,-1,2006
SLE,-1,2006
SVN,-1,2006
GBR,-1,2006
VUT,-1,2006
CHL,0,2006
COK,0,2006
IRQ,0,2006
JOR,0,2006
SLV,5,2006
NIC,5,2006
LCA,5,2006
WSM,5,2006
PER,22,2006
QAT,22,2006
SAU,24,2006
TTO,28,2006
LAO,150,2006
FSM,151,2006
BOL,165,2006
TGO,171,2006
DOM,177,2006
SOM,390,2006
COL,398,2006
BEN,404,2006
PRY,404,2006
AGO,1078,2006
CHN,1506,2006
MDG,1536,2006
LKA,1993,2006
AND,-1,2006
ATG,-1,2006
ARM,-1,2006
AUT,-1,2006
PRK,-1,2006
DNK,-1,2006
DJI,-1,2006
DMA,-1,2006
ISR,-1,2006
ITA,-1,2006
KWT,-1,2006
KGZ,-1,2006
NOR,-1,2006
PAN,-1,2006
POL,-1,2006
PRT,-1,2006
SDS,-1,2006
ESP,-1,2006
TJK,-1,2006
TUR,-1,2006
ARE,-1,2006
IRL,-1,2005
COK,0,2005
DJI,0,2005
TON,0,2005
VUT,0,2005
CPV,2,2005
GTM,3,2005
FJI,4,2005
JPN,6,2005
URY,6,2005
CRI,11,2005
BTN,15,2005
GUY,28,2005
SAU,30,2005
TTO,31,2005
SOM,62,2005
IRN,79,2005
KEN,158,2005
ZMB,192,2005
MYS,263,2005
TLS,288,2005
BDI,293,2005
BEN,397,2005
PRY,480,2005
THA,638,2005
VEN,768,2005
CHN,1658,2005
LKA,1924,2005
ETH,4698,2005
MOZ,5371,2005
ALB,-1,2005
ATG,-1,2005
BLR,-1,2005
BLZ,-1,2005
CZE,-1,2005
DMA,-1,2005
GRD,-1,2005
HND,-1,2005
LBY,-1,2005
LUX,-1,2005
MNE,-1,2005
NRU,-1,2005
QAT,-1,2005
RUS,-1,2005
SDS,-1,2005
SWZ,-1,2005
UZB,-1,2005
JOR,0,2005
LBN,0,2005
MNG,0,2005
NIU,0,2005
BWA,5,2005
OMN,5,2005
LCA,5,2005
SLV,6,2005
MDV,15,2005
KOR,15,2005
SLB,25,2005
PER,26,2005
MRT,115,2005
ECU,116,2005
COM,133,2005
LAO,143,2005
SEN,356,2005
TCD,367,2005
PNG,381,2005
YEM,395,2005
SLE,777,2005
SDN,782,2005
GHA,803,2005
BFA,872,2005
GIN,980,2005
BGD,7882,2005
COD,10737,2005
IDN,19695,2005
BRA,38410,2005
BIH,-1,2005
CIV,-1,2005
HRV,-1,2005
CYP,-1,2005
ISL,-1,2005
ISR,-1,2005
ITA,-1,2005
KGZ,-1,2005
NIC,-1,2005
NER,-1,2005
NOR,-1,2005
POL,-1,2005
TJK,-1,2005
TUR,-1,2005
GBR,-1,2005
USA,-1,2005
MDA,-1,2005
PRK,0,2005
IRQ,0,2005
STP,0,2005
TUV,0,2005
PLW,2,2005
PAN,3,2005
KWT,6,2005
LSO,7,2005
JAM,9,2005
SGP,13,2005
GAB,30,2005
AFG,31,2005
GNB,64,2005
BOL,114,2005
DOM,155,2005
TGO,188,2005
LBR,267,2005
MEX,289,2005
KHM,429,2005
ARG,484,2005
COL,585,2005
VNM,746,2005
EGY,1134,2005
AGO,1877,2005
NGA,5024,2005
NPL,6150,2005
IND,161457,2005
AND,-1,2005
BRB,-1,2005
BEL,-1,2005
DNK,-1,2005
GNQ,-1,2005
DEU,-1,2005
HTI,-1,2005
HUN,-1,2005
LVA,-1,2005
LTU,-1,2005
NAM,-1,2005
NZL,-1,2005
PRT,-1,2005
ROU,-1,2005
KNA,-1,2005
ZAF,-1,2005
ESP,-1,2005
ZWE,-1,2005
DZA,0,2005
BHR,0,2005
BRN,1,2005
CHL,1,2005
SYC,1,2005
TUN,1,2005
WSM,7,2005
SYR,7,2005
ARE,7,2005
ERI,8,2005
KIR,34,2005
SUR,42,2005
MAR,43,2005
RWA,61,2005
COG,207,2005
CUB,208,2005
CAF,252,2005
FSM,260,2005
CMR,537,2005
MLI,537,2005
PAK,551,2005
UGA,552,2005
MDG,2709,2005
PHL,3130,2005
MMR,3571,2005
TZA,4237,2005
ARM,-1,2005
AUS,-1,2005
AUT,-1,2005
AZE,-1,2005
BHS,-1,2005
EST,-1,2005
FIN,-1,2005
GMB,-1,2005
GEO,-1,2005
MWI,-1,2005
MLT,-1,2005
MHL,-1,2005
MUS,-1,2005
VCT,-1,2005
SRB,-1,2005
SVK,-1,2005
SVN,-1,2005
